9360601514,ivkib
9823888853,cgihs
1379986800,lmjql
1355267870,hieff
9369601972,dwhrc
6124173751,wadpx
1058994913,akawa
6022230244,vrjtc
2343823298,lqucn
8855989345,lumfv
7692326032,sjpfl
3319519245,qvnak
7930633347,wziwq
5514441069,wzpdz
2850198411,debsl
8067364270,umqjf
7052486710,djpbx
2598223701,ddfyn
1560750673,njuln
5970195412,wrktt
7738543856,qoits
7996837286,iirba
1772312086,iozzr
6682834269,kbjvl
8182590169,nwqof
2264241485,globf
4611106300,dbpru
1926844441,xaxie
7566341675,ipfqs
8750571985,hciqr
6854714858,qqnui
6551257438,mdmgy
8924879312,fbobq
9875600628,xfust
3974175200,qnubw
3219477252,goauw
4628044414,xwpyi
8584641792,ftcnj
5047160364,piilt
3037516391,kvgtd
7677658635,hspey
9338300139,tzllm
4606613525,qcdcp
3603066765,vcomf
3105063994,uzyxj
8766793171,inlav
2881263334,naemt
9507456423,vahkg
8359209654,njldi
1159789861,xmlyb
4820320365,qsgwy
5671787476,btvnc
6061358417,xdukl
4390094749,frvyv
2461688942,tcgvt
7652908647,bjaem
9460908484,ckuws
3648591896,kfswm
7018578044,ztqoh
6339040178,lamfi
4906664114,hchxp
1647210646,igcrm
3526793751,kcmcv
2423383825,patfa
4968808189,daknk
8886044853,lpmox
3071237262,tbcpq
2324343201,jovuz
3804089612,yhmbh
1487354992,nkrym
2602048350,eqdez
5809234363,gcmtw
8303091064,etsmj
8813812982,wfwro
3960644019,zzqii
5413228578,tmmrz
6526819811,skcnb
2769793664,uduoa
4189168746,nzjtw
8378691675,qhteo
7534008258,wkfhs
1122391909,qaugp
3136908111,ypiym
1477422554,icexl
9468260928,efonw
7602234695,pfrhr
8182346343,qcjpk
3398473215,vtmbi
2385670129,kjomp
9205097393,ynngy
7057571986,olhpf
4604314064,accyc
5958238414,irhfo
6757624572,eovxu
9381235021,nucjw
3367421983,xniem
3054857960,qwxwr
3923051852,fbghn
4441594853,perxh
1601417729,dmrqc